Metric,Value
Accuracy,0.8344811208739017
Macro F1,0.6336137023065811
Weighted F1,0.8564288023202357
