Accuracy,Macro F1,Weighted F1
0.8344811208739017,0.6336137023065811,0.8564288023202357
